<?xml version="1.0" encoding="UTF-8" standalone="yes"?>
<addon id="repository.lilzenbca" name="Lilzenbca Repository" version="1.0.0" provider-name="lilzenbca">
    <extension point="xbmc.addon.repository" name="Lilzenbca Repository">
        <dir>
            <info compressed="false">https://raw.githubusercontent.com/lilzenbca/repository.lilzenbca/master/repo/zips/addons.xml</info>
            <checksum>https://raw.githubusercontent.com/lilzenbca/repository.lilzenbca/master/repo/zips/addons.xml.md5</checksum>
            <datadir zip="true">https://raw.githubusercontent.com/lilzenbca/repository.lilzenbca/master/repo/zips/</datadir>
        </dir>
    </extension>
    <extension point="xbmc.addon.metadata">
        <summary>Lilzenbca Repository</summary>
        <description>Repository for personal builds</description>
        <disclaimer></disclaimer>
        <platform>all</platform>
        <assets>
            <icon>icon.png</icon>
        </assets>
    </extension>
</addon>