<?xml version="1.0" encoding="UTF-8" standalone="yes"?>
<addon id="plugin.program.altwizard" name="[COLOR limegreen]ALT[/COLOR] Wizard" version="1.0.0" provider-name="lilzenbca">
    <requires>
        <import addon="xbmc.python" version="2.1.0" />
        <import addon="script.module.requests" />
        <import addon="script.module.six" />
        <import addon="script.kodi.android.update" optional="true" version="1.1.7" />
        <import addon="script.speedtester" optional="true" version="1.1.2" />
    </requires>

    <extension point="xbmc.python.pluginsource" library="default.py">
        <provides>executable</provides>
    </extension>

    <extension point="xbmc.service" library="startup.py" start="startup" />

    <extension point="xbmc.addon.metadata">
        <summary lang="en">[COLOR limegreen]ALT[/COLOR] Wizard</summary>
        <description lang="en">[COLOR limegreen]ALT[/COLOR] Wizard provides custom builds, maintenance tools, and updates.</description>
        <platform>all</platform>
        <reuselanguageinvoker>false</reuselanguageinvoker>
        <source>https://github.com/lilzenbca/plugin.program.altwizard</source>
        <news>
1.0.0
 - Initial ALT Wizard release.
 - Forked from Open Wizard (base v1.4.9).
        </news>
        <assets>
            <icon>icon.png</icon>
            <fanart>fanart.png</fanart>
        </assets>
    </extension>
</addon>
